Markenname;Werkstoff;EN ;US Grades;AFNOR;Bemerkung;Produktgruppe;Daten
St37-2;1.0037;S235;1013;E24-2;J0/JR/J2 -/+N/+AR;Maschinenbaustahl;
St52-3;1.0045;S355;70;E36-2;J0/JR/J2 -/+N/+AR;Maschinenbaustahl;
;1.0330;DC01;DS Type A;;;Maschinenbaustahl;
;1.0338;DC04;DS Type B;;;Maschinenbaustahl;
;1.0347;DC03;Temper No.4;;;Maschinenbaustahl;
;1.0401;C15;1015;;;Maschinenbaustahl;
;1.0402;C22;1020;AF 42;;Maschinenbaustahl;
;1.0425;P265GH;60;A 42 CP;;Maschinenbaustahl;
;1.0487;P775NH ;60;P775NH;;Maschinenbaustahl;
;1.0488;P275NL1;60;P275NL1;;Maschinenbaustahl;
;1.0501;C35;1035;AF 55;;Maschinenbaustahl;
;1.0503;C45;1045;AF 65;;Maschinenbaustahl;
;1.0546;S355NL;LF2;E 355;NL1/NL2/NL0;Maschinenbaustahl;
;1.0556;10268;;;;Maschinenbaustahl;
;1.0565;P355NH;1A;A 510 AP;;Maschinenbaustahl;
St 52-3;1.0570;S355J2;1524;;J0/JR/J2 -/+N/+AR;Maschinenbaustahl;
;1.0601;C60;1060;;;Maschinenbaustahl;
;1.0976;S355MC;;E 355 D;;Maschinenbaustahl;
;1.1141;C15E;1015;XC 48 H 1;;Maschinenbaustahl;
;1.1191;C45E;1045;XC 48 H 1 u;;Maschinenbaustahl;
;1.1201;C45R;1045;;;Maschinenbaustahl;
;1.1204;C55S;1055;;;Maschinenbaustahl;
;1.1211;C60S;1060;;;Maschinenbaustahl;
;1.1213;Cf53N;1050;;;Maschinenbaustahl;
;1.1217;C90S;1086;;;Maschinenbaustahl;
;1.1221;C60E;1060;XC 60;;Maschinenbaustahl;
;1.1223;C60R;1060;;;Maschinenbaustahl;
;1.1224;C125S;;;;Maschinenbaustahl;
;1.1242;C72D2;1069;;;Maschinenbaustahl;
;1.1248;C75S;1074;XC 75;;Maschinenbaustahl;
;1.1274;C100S;1095;;;Maschinenbaustahl;
;1.1730;C45U/C45W;1045;C42E4U;;Werkzeugstahl;
;1.2067;102Cr6;L3;Y 100 C 6;;Werkzeugstahl;
;1.2080;X210Cr12;D3;Z 200 C 12;;Werkzeugstahl;
;1.2083;X40Cr14;420;Z 40 C 14;auch ESU;Werkzeugstahl;
;1.2085;X33CrS16;;;+QT;Werkzeugstahl;
;1.2101;62SiMnCr4;;;;Werkzeugstahl;
;1.2103;58SiCr8;S4;;;Werkzeugstahl;
;1.2162;21MnCr5;;;;Werkzeugstahl;
;1.2210;115CrV3;;;;Werkzeugstahl;
;1.2235;80CrV2;L2;;;Werkzeugstahl;
;1.2241;51CrV4;6150;50 CV 4;;Werkzeugstahl;
;1.2242;59CrV4;;;;Werkzeugstahl;
;1.2243;61CrSiV5;;;;Werkzeugstahl;
;1.2249;45SiCrV6;;;;Werkzeugstahl;
;1.2302;35CrMo7;P20;;;Werkzeugstahl;
;1.2311;40CrMnMo7;P20;40 CMD 8;+QT;Werkzeugstahl;
;1.2312;40CrMnMoS8-6;P20+S;40 CMD 8 +S;+QT;Werkzeugstahl;
;1.2316;X38CrMo16;420F;;+QT / auch ESU;Werkzeugstahl;
;1.2328;45CrMoV7;P20;;;Werkzeugstahl;
;1.2329;46CrSiMoV7;;;;Werkzeugstahl;
;1.2341;X6CrMo4;P4;;;Werkzeugstahl;
;1.2343;X37CrMoV5-1;H11;Z 38 CDV 5;auch ESU / EFS;Werkzeugstahl;
;1.2344;X40CrMoV5-1;H13;Z 40 CDV 5;auch ESU;Werkzeugstahl;
;1.2345;X50CrMoV5-1;;;;Werkzeugstahl;
;1.2358;60CrMoV18-5;;;;Werkzeugstahl;
;1.2360;X48CrMoV8-1-1;A8;;;Werkzeugstahl;
;1.2362;X63CrMoV51;;;;Werkzeugstahl;
;1.2363;X100CrMoV5;A2;Z 100 CDV 5;;Werkzeugstahl;
;1.2365;32CrMoV12-28;H10;32 CDV 12-28;;Werkzeugstahl;
;1.2367;X38CrMoV5-3;;Z 38 CDV 5-3;;Werkzeugstahl;
;1.2369;81MoCrV42-16;M50;;;Werkzeugstahl;
;1.2378;X220CrVMo12-2;D7;;;Werkzeugstahl;
;1.2379;X155CrVMo12-1;D2;Z 160 CDV 12;;Werkzeugstahl;
;1.2380;X220CrVMo13-4;D7;;;Werkzeugstahl;
;1.2381;73MoV5-2;S2;;;Werkzeugstahl;
;1.2390;X82CrVMo8-3-2;;;;Werkzeugstahl;
;1.2414;120W4;F1;;;Werkzeugstahl;
;1.2436;X210CrW12;D3;Z 210 CW 12-1;;Werkzeugstahl;
;1.2510;100MnCrW4;O1;90 MWCV 5;;Werkzeugstahl;
;1.2516;120WV4;F1;110WC20;;Werkzeugstahl;
;1.2542;45WCrV7;S1;45 WCV 20;;Werkzeugstahl;
;1.2547;45WCrV7-7;;;;Werkzeugstahl;
;1.2550;60WCr8;S1;;;Werkzeugstahl;
;1.2562;142WV13;F2;;;Werkzeugstahl;
;1.2564;30WCrV15-1;H14;;;Werkzeugstahl;
;1.2567;30WCrV17-2;H14;;;Werkzeugstahl;
;1.2581;X30WCrV9-3;H21;Z 30 WCV 9;;Werkzeugstahl;
;1.2601;X165CrMoV12;;;;Werkzeugstahl;
;1.2606;X37CrMoW5-1;H12;;;Werkzeugstahl;
;1.2625;X33WCrVMo12-12;H23;;;Werkzeugstahl;
;1.2631;X50CrMoV8-2;A8;;;Werkzeugstahl;
;1.2678;X45CoCrWV5-5-5;H19;;;Werkzeugstahl;
;1.2709;X3NiCoMoTi18-9-5;;;;Werkzeugstahl;
;1.2713;55NiCrMoV6;L6;55 NcDV 7;;Werkzeugstahl;
;1.2714;55NiCrMoV7;L6;;+A, +QT;Werkzeugstahl;
;1.2721;50NiCr13;;;;Werkzeugstahl;
;1.2735;15NiCr14;P6;;;Werkzeugstahl;
;1.2738;40CrMnNiMo8-6-4;;;+QT;Werkzeugstahl;
;1.2745;15NiCr18;P6 / S5;;;Werkzeugstahl;
;1.2764;X19NiCrMo4;P21;;;Werkzeugstahl;
;1.2767;45NiCrMo16
;;X45NiCrMo4;;;auch ESU;Werkzeugstahl;
;1.2787;X23CrNi17;;Z 21 CN 17;auch ESU;Werkzeugstahl;
;1.2826;60MnSiCr4;;;;Werkzeugstahl;
;1.2833;100V2;W2;;;Werkzeugstahl;
;1.2842;90MnCrV8;O2;90 MV 8;;Werkzeugstahl;
;1.2880;X165CrCoMo12;D5;;;Werkzeugstahl;
;1.2884;X210CrCoW12;D4;;;Werkzeugstahl;
;1.2990;X100CrMoV8-1-1;;;;Werkzeugstahl;
WKE42;1.3207;HSS 10-4-3-10;M44;;;Konv. HSS-Stahl;PDF
WKE45;1.3208;HS 9-4-4-11;;;;Konv. HSS-Stahl;PDF
C8;1.3209;HS 5-6-2-8;;;;Konv. HSS-Stahl;
E M35;1.3243;HS 6-5-2-5;M35;;;Konv. HSS-Stahl;PDF
E M42;1.3247;HS 2-9-1-8;M42;;;Konv. HSS-Stahl;PDF
Mat ll;1.3270;HS 1-5-1-8;;;;Konv. HSS-Stahl;
;1.3302;HS 12-1-4;;;;Konv. HSS-Stahl;
M50;1.3325;HS 0-4-1;;;;Konv. HSS-Stahl;
ABC lll;1.3333;HS 3-3-2;;;;Konv. HSS-Stahl;
E M 2;1.3343;HS 6-5-2;M2;;auch ESU;Konv. HSS-Stahl;PDF
E M 3-2;1.3344;PMHS 6-5-3;M 3 Cl. 2;;;Konv. HSS-Stahl;PDF
M1;1.3346;HS 2-9-1;M1;;;Konv. HSS-Stahl;
M7;1.3348;HS 2-9-2;M7;;;Konv. HSS-Stahl;
M3:1;1.3350;HS 6-6-2;M3:1;;;Konv. HSS-Stahl;
M4;1.3351;HS 6-5-4;M4;;;Konv. HSS-Stahl;
E T 1;1.3355;HS 18-0-1;T1;;;Konv. HSS-Stahl;
Hartmanganstahl;1.3401;X120Mn12;A 128;Z 120 M 12;;Edelbaustahl;
;1.3505;100Cr6;;Y 100 C 6;+AC;Edelbaustahl;
;1.3536;100CrMo7-3;;;+AC;Edelbaustahl;
;1.3551;80MoCrV42-16;M 50;80 DCV 40;;Sonderwerkstoff;
;1.3813;X40MnCrN19;;;;Sonderwerkstoff;
;1.3817;X40MnCr18;;;;Sonderwerkstoff;
Invar 36;1.3912;Ni36;K93600;Fe-Ni 36;Alloy 36;Sonderwerkstoff;
Invar 42;1.3917;Ni42;K94100;;Alloy 42;Sonderwerkstoff;
N48;1.3922;Ni48;K94800;;;Sonderwerkstoff;
;1.3952;X2CrNiMoN18-14-3;;;;Sonderwerkstoff;
;1.3964;X2CrNiMnMoNNb21-16-5-3;Alloy 50 / XM-19;;;Sonderwerkstoff;
;1.3974;X2CrNiMnMoNNb23-17-6-3;F49;;;Sonderwerkstoff;
;1.3980;X5NiCrTiMoV26-15;S66286;;amagnetischer Stahl;Sonderwerkstoff;
;1.3981;NiCo29/18;K94610;;;Sonderwerkstoff;
Dilver P1;1.3991;FeNi29 Co17;K94610;;;Sonderwerkstoff;
;1.4000;X6Cr13;403;;;Rostfreier Stahl;
;1.4005;X12CrS13;416;Z 11 CF 13;;Rostfreier Stahl;
;1.4006;X12Cr13;410;Z 13 C 13;auch ESU;Rostfreier Stahl;
;1.4016;X6Cr17;430;Z 8 C 17;;Rostfreier Stahl;
;1.4021;X20Cr13;420;Z 20 C 13;;Rostfreier Stahl;
;1.4028;X30Cr13;420F;Z 33 C 13;;Rostfreier Stahl;
;1.4031;X39Cr13;420;;;Rostfreier Stahl;
;1.4034;X46Cr13;420;Z 44 C 14;;Rostfreier Stahl;
;1.4044;X22CrNi17;;;;Rostfreier Stahl;
;1.4057;X17CrNi16-2;431;Z 15 CN 16-02;auch ESU;Rostfreier Stahl;
;1.4104;X14CrMoS17;430F;Z 13 CF 17;;Rostfreier Stahl;
;1.4105;X6CrMoS17;430F;;;Rostfreier Stahl;
;1.4106;;;;;Rostfreier Stahl;
;1.4107;GX8CrNi12;A217;;;Rostfreier Stahl;
;1.4108;X30CrMoN15-1;UNS 42027;;;Rostfreier Stahl;
;1.4109;X70CrMo15;440A;;;Rostfreier Stahl;
;1.4112;X90CrMoV18;440B;X 89 CrMo V 18-1;;Rostfreier Stahl;
;1.4113;X6CrMo17-1;434;;