columnname,function,arguments,,
,,,,
,,,,
,,,,
,,,,
,,,,
,,,,
,,,,
,,,,
,,,,
,,,,
,,,,
,,,getEntryFromCSV,"artikelstamm,artnr,'artsuch'"
,,,,
,,,,
,,,,
,,,,
,,,,
,,,,
,,,,
,,,,
,,,,
,,,,
,,,,
,,,,
,,,,
,,,,
,,,,
,,,,
,,,,
,,,,
,,,,
,,,,
,,,,
,,,,
,,,,
,,,,
,,,,
,,,,
,,,,
,,,getEntryFromCSV,"artikelstamm,artnr,'meinheit'"
,,, ,
,,,,
,,,,
,,,getEntryFromCSV,"artikelstamm,artnr,'meinheit'"
,,,,
,,,,
,,,,
,,,getEntryFromCSV,"artikelstamm,artnr,'meinheit'"
,,,,
,,,,
,,,,
,,,getEntryFromCSV,"artikelstamm,artnr,'meinheit'"
,,, ,
,,,,
,,, ,
,,, ,
,,, ,
,,,  ,
,,, ,
,,,  ,
,,,  ,
,,,  ,
,,,  ,
,,,  ,
,,,  ,
,,,  ,
,,, ,
,,,,
,,,  ,
,,,  ,
,,,  ,
,,,  ,
,,,  ,
,,,  ,
,,,  ,
,,, ,
,,, ,
,,,,
,,,,
,,,  ,
,,,  ,
,,,  ,
,,,  ,
,,,  ,
,,,  ,
,,,  ,
,,,  ,
,,,  ,
,,,  ,
,,,  ,
,,,  ,
,,,  ,
,,,  ,
,,,  ,
,,,  ,
,,,  ,
,,,  ,
,,,  ,
,,,,
,,,,
,,,,
,,,"###getGroup:waren_artikelgruppe, artnr, 'Artikelgruppe 2':",
,,,,
,,, ,
,,,,
,,,,
,,,,
,,,,
,,,,
,,,,
,,,,
,,,,
,,,,
,,,,
,,,,
,,,,
,,,,
,,,,
,,,,
,,,,
,,,,
,,, ,
,,, ,
,,, ,
,,, ,
,,, ,
,,, ,
,,, ,
,,, ,
,,,,
,,,,
,,, ,
,,,,
,,,,
,,,,
,,,,
,,,,
,,,,
,,,,
,,,,
,,,,
,,,,
,,,,
,,,,
,,,,
,,,,
,,,,
,,,,
,,,,
,,,,
,,,,
,,,,
,,,,
,,,,
,,,,
,,,,
,,,,
,,,,
,,,,
,,,,
,,,,
,,,,
,,,,
,,,,
,,,,
,,,,
,,, ,
,,,,
,,,,
,,, ,